firm_id,group,corp_name,industry,main_business,check_hint,quiz_answers_reference,keywords_draft,source_rcept_no,note
L001,L,삼성전자(주),국내 전자부품·컴퓨터·통신장비 제조 기업,스마트폰|TV|메모리|OLED 패널|가전제품|디지털 콕핏,,"반도체, 스마트폰, 가전제품 / 반도체, 스마트폰, 가전제품 / 반도체, 스마트폰, 가전제품",스마트폰|TV|메모리|OLED 패널|가전제품|디지털 콕핏,20260310002820,
L002,L,에스케이하이닉스(주),국내 전자부품·컴퓨터·통신장비 제조 기업,메모리 반도체|DRAM|NAND Flash|Foundry 사업,,"반도체 (DRAM, NAND 플래시 메모리) / 반도체 (DRAM, NAND Flash) / 메모리 반도체 (DRAM, NAND Flash)",메모리 반도체|DRAM|NAND Flash|Foundry 사업,20260317000635,
L003,L,현대자동차(주),국내 자동차·자동차부품 제조 기업,자동차|차량|철도차량|디펜스솔루션|레일솔루션|에코플랜트,,자동차 제조 및 판매 / 자동차 제조 및 판매 / 자동차 제조 및 판매,자동차|차량|철도차량|디펜스솔루션|레일솔루션|에코플랜트,20260318001394,
L004,L,(주)엘지에너지솔루션,국내 전기장비 제조 기업,EV용 배터리|ESS용 배터리|소형 Application용 배터리|2차전지|전지,,이차전지 제조 / 리튬이온 배터리 / 이차전지 제조,EV용 배터리|ESS용 배터리|소형 Application용 배터리|2차전지|전지,20260312000217,
L005,L,삼성바이오로직스(주),국내 의약품 제조 기업,CDMO|바이오의약품 위탁생산|세포주ㆍ공정 개발|항체의약품|mRNA,,의약품 위탁개발생산(CDMO) / 의약품 위탁개발생산(CDMO) / 의약품 위탁개발생산(CDMO),CDMO|바이오의약품 위탁생산|세포주ㆍ공정 개발|항체의약품|mRNA,20260515001658,
L006,L,한화에어로스페이스(주),국내 기타 운송장비 제조 기업,항공|방산|해양|가스터빈엔진|군수장비|선박,,"항공기 엔진 부품, 자주포, 발사체 시스템 등 방산 및 항공우주 사업 / 항공기 엔진 부품, 자주포, 발사체, 우주 발사체, 친환경 선박 엔진 / 항공기 엔진 부품, 자주포, 발사체, 우주발사체, 친환경 선박 엔진",항공|방산|해양|가스터빈엔진|군수장비|선박,20260316001112,
L007,L,두산에너빌리티(주),국내 기계·장비 제조 기업,발전설비|원자력|복합화력|주단조품|EPC|연료전지,키워드가 모델 답 어디에도 없음: 정답 동의어(예: 반도체)가 빠졌는지 확인,"발전 설비, 플랜트 건설, 건설기계 / 발전 설비, 플랜트 건설, 해양 구조물 제작 / 발전 설비, 건설 기계, 산업 차량 등",발전설비|원자력|복합화력|주단조품|EPC|연료전지,20260320001246,
L008,L,기아(주),국내 자동차·자동차부품 제조 기업,완성차|승용차|RV|상용차|자동차 제조,,자동차 제조 및 판매 / 자동차 제조 및 판매 / 자동차 제조 및 판매,완성차|승용차|RV|상용차|자동차 제조,20260312001224,
L009,L,(주)셀트리온,국내 의약품 제조 기업,바이오시밀러|항체 바이오시밀러|항체 바이오 신약|의약품 개발|생명공학,,바이오시밀러 / 바이오시밀러 / 바이오시밀러,바이오시밀러|항체 바이오시밀러|항체 바이오 신약|의약품 개발|생명공학,20260316001415,
L010,L,에이치디현대중공업(주),국내 기타 운송장비 제조 기업,조선|선박|해양플랜트|엔진기계|선박엔진|디젤발전설비,,"선박 및 해양플랜트 건조 / 조선, 해양, 플랜트, 엔진기계, 건설장비 / 조선, 해양, 플랜트, 엔진기계, 건설장비",조선|선박|해양플랜트|엔진기계|선박엔진|디젤발전설비,20260320000859,
L011,L,삼성물산(주),국내 도매 유통 기업,건축|토목|플랜트|주택|철강|화학,키워드가 모델 답 어디에도 없음: 정답 동의어(예: 반도체)가 빠졌는지 확인,"건설, 상사, 패션, 리조트, 급식 / 건설, 상사, 패션, 리조트, 급식 / 건설, 상사, 패션, 리조트, 급식",건축|토목|플랜트|주택|철강|화학,20260312000856,
L012,L,한화오션(주),국내 기타 운송장비 제조 기업,LNG 운반선|원유 운반선|컨테이너선|FPSO|잠수함|조선,키워드가 모델 답 어디에도 없음: 정답 동의어(예: 반도체)가 빠졌는지 확인,선박 건조 및 해양플랜트 / 선박 건조 및 해양플랜트 / 선박 건조 및 해양플랜트,LNG 운반선|원유 운반선|컨테이너선|FPSO|잠수함|조선,20260317000644,
L013,L,현대모비스(주),국내 자동차·자동차부품 제조 기업,자동차 모듈|자동차 부품|샤시모듈|칵핏모듈|프론트엔드모듈|A/S용 부품,,자동차 부품 제조 및 판매 / 자동차 부품 제조 및 판매 / 자동차 부품 제조 및 판매,자동차 모듈|자동차 부품|샤시모듈|칵핏모듈|프론트엔드모듈|A/S용 부품,20260309001878,
L014,L,삼성SDI(주),국내 전기장비 제조 기업,리튬이온 2차전지|중ㆍ대형전지|소형전지|반도체 소재|OLED 소재|에너지솔루션,키워드가 모델 답 어디에도 없음: 정답 동의어(예: 반도체)가 빠졌는지 확인,이차전지 및 전자재료 / 이차전지 및 전자재료 / 이차전지 및 전자재료,리튬이온 2차전지|중ㆍ대형전지|소형전지|반도체 소재|OLED 소재|에너지솔루션,20260310002954,
L015,L,삼성전기(주),국내 전자부품·컴퓨터·통신장비 제조 기업,MLCC|카메라모듈|반도체패키지기판|수동소자|컴포넌트,,"적층세라믹콘덴서(MLCC), 카메라모듈, 기판소재 / 카메라 모듈, MLCC, 기판 소재 등 전자부품 제조 / 적층세라믹콘덴서(MLCC), 카메라모듈, 기판소재",MLCC|카메라모듈|반도체패키지기판|수동소자|컴포넌트,20260310003071,
L016,L,네이버(주),국내 정보 서비스 기업,검색|디스플레이 광고|커머스|핀테크|콘텐츠|클라우드,,"인터넷 검색 및 포털 서비스, 커머스, 핀테크, 콘텐츠 / 인터넷 검색 및 포털 서비스, 커머스, 핀테크, 콘텐츠 / 인터넷 검색 및 포털 서비스",검색|디스플레이 광고|커머스|핀테크|콘텐츠|클라우드,20260313001021,
L017,L,에이치디현대일렉트릭(주),국내 전기장비 제조 기업,전력기기|변압기|고압차단기|회전기기|전동기|배전기기,,전력기기 제조 / 전력기기 제조 / 전력기기 제조,전력기기|변압기|고압차단기|회전기기|전동기|배전기기,20260316000940,
L018,L,고려아연(주),국내 1차 금속 제조 기업,아연|연|금|은|동|비철금속제련,,"비철금속 제련 및 정련 / 비철금속 제련 및 정련 / 아연, 연, 금, 은 등 비철금속 제련 및 정련",아연|연|금|은|동|비철금속제련,20260813001726,
L019,L,한국전력공사(주),국내 전기·가스·증기 공급 기업,전기판매|전기|발전|원자력발전|화력발전,키워드가 모델 답 어디에도 없음: 정답 동의어(예: 반도체)가 빠졌는지 확인,전력 생산 및 판매 / 전력 생산 및 판매 / 전력 생산 및 판매,전기판매|전기|발전|원자력발전|화력발전,20260317000686,
L020,L,포스코홀딩스(주),국내 1차 금속 제조 기업,철강|열연|냉연|스테인리스|이차전지소재|에너지소재,,"철강, 이차전지 소재 / 철강, 이차전지 소재 / 철강, 이차전지 소재",철강|열연|냉연|스테인리스|이차전지소재|에너지소재,20260311004517,
L021,L,한미반도체(주),국내 기계·장비 제조 기업,HBM TC 본더|반도체 제조용 장비|Wide Die 본딩|AI 반도체 패키징|EMI SHIELD,키워드가 모델 답 어디에도 없음: 정답 동의어(예: 반도체)가 빠졌는지 확인,반도체 후공정 장비 / 반도체 장비 제조 / 반도체 장비 제조,HBM TC 본더|반도체 제조용 장비|Wide Die 본딩|AI 반도체 패키징|EMI SHIELD,20260312001230,
L022,L,효성중공업(주),국내 전기장비 제조 기업,변압기|차단기|전동기|감속기|주택사업|건설,,"전력기기, 건설, 산업차량 / 전력기기, 건설, 산업차량, 정보통신 / 전력기기, 건설, 산업차량, 정보통신",변압기|차단기|전동기|감속기|주택사업|건설,20260323001004,
L023,L,한화시스템(주),국내 전자부품·컴퓨터·통신장비 제조 기업,방산|ICT|항공전자|해양시스템|지휘통제통신|IT 서비스,,"방산 및 IT 솔루션, 항공우주, 신재생에너지 / 방산 및 정보통신기술(ICT) 사업 / 방산 및 정보통신기술(ICT) 사업",방산|ICT|항공전자|해양시스템|지휘통제통신|IT 서비스,20260513000644,
L024,L,엘에스일렉트릭 주식회사,국내 전기장비 제조 기업,전력기기|자동화 시스템|동관|STS관|철도시스템|신재생 에너지,키워드가 모델 답 어디에도 없음: 정답 동의어(예: 반도체)가 빠졌는지 확인,전력 및 자동화 설비 / 전력 및 자동화 설비 / 전력 및 자동화 설비,전력기기|자동화 시스템|동관|STS관|철도시스템|신재생 에너지,20260318001243,
L025,L,삼성중공업(주),국내 기타 운송장비 제조 기업,조선해양|선박|해양플랫폼|LNG선|컨테이너선,,"조선해양 및 해양플랜트 / 조선해양, 해양플랜트, 건설기계 / 조선해양 및 플랜트 사업",조선해양|선박|해양플랫폼|LNG선|컨테이너선,20260312001037,
L026,L,(주)LG화학,국내 화학물질·화학제품 제조 기업,배터리|전지|석유화학|합성수지|의약품|첨단소재,,"석유화학, 전지, 첨단소재 / 석유화학, 전지, 첨단소재 / 석유화학, 전지, 첨단소재",배터리|전지|석유화학|합성수지|의약품|첨단소재,20260313001195,
L027,L,(주)카카오,국내 정보 서비스 기업,카카오톡|플랫폼|콘텐츠|톡비즈|카카오페이|카카오모빌리티,,,카카오톡|플랫폼|콘텐츠|톡비즈|카카오페이|카카오모빌리티,20260318001423,
L028,L,현대로템(주),국내 기타 운송장비 제조 기업,종합무기체계|고속철도|철도차량|철도시스템|수소인프라|스마트팩토리,,"철도차량, 방산, 플랜트, 자동화 설비 제조 / 철도차량, 방산, 플랜트 제조 / 철도차량, 방산, 플랜트 제조",종합무기체계|고속철도|철도차량|철도시스템|수소인프라|스마트팩토리,20260319001275,
L029,L,SK이노베이션(주),국내 제조 기업,석유화학|배터리|윤활유|에너지|정유,,"석유화학, 배터리, 윤활유 / 석유화학, 윤활유, 배터리, 전자소재 / 석유화학, 배터리, 윤활유",석유화학|배터리|윤활유|에너지|정유,20260316000827,
L030,L,에이치엠엠(주) ,국내 운수·창고 기업,컨테이너 운송|벌크화물 운송|종합해운물류|선박 운송|해운업,,"해운업 / 해운업 / 해운업 (컨테이너선, 벌크선 등)",컨테이너 운송|벌크화물 운송|종합해운물류|선박 운송|해운업,20260318001444,
L031,L,(주)포스코퓨처엠,국내 전기장비 제조 기업,이차전지 소재|음극재|양극재|내화물|생석회,,"이차전지 소재 (양극재, 음극재) / 이차전지 소재 (양극재, 음극재) / 이차전지 소재 (양극재, 음극재)",이차전지 소재|음극재|양극재|내화물|생석회,20260312000826,
L032,L,(주)케이티앤지,국내 제조 기업,담배|궐련|차세대 담배|홍삼|건강기능식품|부동산 개발,,"담배 제조 및 판매, 건강기능식품 사업 / 담배 제조 및 판매, 건강기능식품 사업 / 담배 제조 및 판매, 건강 관련 사업",담배|궐련|차세대 담배|홍삼|건강기능식품|부동산 개발,20260318001422,
L033,L,LG전자(주),국내 전자부품·컴퓨터·통신장비 제조 기업,가전제품|TV|모니터|차량용 부품|카메라 모듈|냉난방기기,,"가전제품, TV, 모바일 기기, 자동차 부품 / 가전제품, TV, 모바일 통신 장비, 전장 부품 / 가전제품, TV, 모바일 기기, 자동차 부품",가전제품|TV|모니터|차량용 부품|카메라 모듈|냉난방기기,20260706000276,
L034,L,한국항공우주산업(주),국내 기타 운송장비 제조 기업,군용기|훈련기|전투기|헬기|위성|발사체,,"항공기, 우주발사체, 위성, 방산 시스템 개발 및 생산 / 항공기, 우주발사체, 위성, 부품 제조 및 수출 / 항공기 및 우주선 제조",군용기|훈련기|전투기|헬기|위성|발사체,20260318001461,
L035,L,(주)두산,국내 전자부품·컴퓨터·통신장비 제조 기업,전자재료|건설기계|연료전지|협동로봇|발전플랜트|IT 서비스,,,전자재료|건설기계|연료전지|협동로봇|발전플랜트|IT 서비스,20260323000945,
L036,L,현대건설(주),국내 종합 건설 기업,토목|건축주택|플랜트|뉴에너지|건설|인프라,,"건축, 토목, 플랜트, 주택 건설 / 건축, 토목, 플랜트, 주택 건설 / 건설업 (토목, 건축, 플랜트 등)",토목|건축주택|플랜트|뉴에너지|건설|인프라,20260318001395,
L037,L,엘아이지디펜스앤에어로스페이스(주),국내 금속가공제품 제조 기업,정밀유도무기|감시정찰|지휘통제·통신|항공전자|전자전|무인화,키워드가 모델 답 어디에도 없음: 정답 동의어(예: 반도체)가 빠졌는지 확인,방위산업 및 항공우주 사업 / 방위산업 및 항공우주 사업 / 방위산업 및 항공우주산업,정밀유도무기|감시정찰|지휘통제·통신|항공전자|전자전|무인화,20260323001211,
L038,L,SK텔레콤(주),국내 정보통신 기업,이동통신서비스|5G|초고속인터넷|IPTV|데이터방송|통신망,키워드가 모델 답 어디에도 없음: 정답 동의어(예: 반도체)가 빠졌는지 확인,"이동통신 서비스, 미디어, 보안, 커머스, 클라우드 / 이동통신 서비스, 유무선 통신, 미디어, 커머스, 클라우드, AI / 이동통신 서비스, 미디어, 보안, 커머스, 클라우드",이동통신서비스|5G|초고속인터넷|IPTV|데이터방송|통신망,20260318000532,
L039,L,현대글로비스(주),국내 운수·창고 기업,종합물류|CKD부품|중고차|해운업|자동차선|벌크선,키워드가 모델 답 어디에도 없음: 정답 동의어(예: 반도체)가 빠졌는지 확인,"자동차 운송 및 물류 / 자동차 운송 및 물류 / 자동차 물류 및 유통, 해운, 건설, 철강 유통",종합물류|CKD부품|중고차|해운업|자동차선|벌크선,20260318001205,
L040,L,(주)케이티,국내 정보통신 기업,유무선 통신|컨버전스 사업|ICT|위성방송|부동산|금융사업,,"유무선 통신 서비스, IPTV, 초고속 인터넷, IT 서비스, 인공지능, 클라우드, 미디어 콘텐츠 등 / 유무선 통신 서비스, IPTV, 초고속 인터넷 / 유무선 통신 서비스, IPTV, 초고속 인터넷, IT 솔루션 등",유무선 통신|컨버전스 사업|ICT|위성방송|부동산|금융사업,20260323001553,
L041,L,(주)포스코인터내셔널,국내 도매 유통 기업,철강|철강원료|천연가스|LNG|발전|구동모터코아,,"철강, 식량, 이차전지 소재, 친환경 인프라 등 사업 투자 및 개발 / 철강, 식량, 이차전지 소재, 친환경 인프라 등 무역 및 투자 사업 / 철강, 식량, 이차전지 소재, 친환경 인프라 등 사업 투자 및 개발",철강|철강원료|천연가스|LNG|발전|구동모터코아,20260318001494,
L042,L,(주)에이피알,국내 화학물질·화학제품 제조 기업,화장품|홈 뷰티 디바이스|메디큐브 에이지알|더마 코스메틱|고기능 저자극 피부솔루션|향수,키워드가 모델 답 어디에도 없음: 정답 동의어(예: 반도체)가 빠졌는지 확인,뷰티 디바이스 / 뷰티 디바이스 / 뷰티 디바이스,화장품|홈 뷰티 디바이스|메디큐브 에이지알|더마 코스메틱|고기능 저자극 피부솔루션|향수,20260323001257,
L043,L,S-Oil(주),국내 제조 기업,정유|석유화학|윤활기유|방향족|올레핀계 제품|휘발유,,석유 정제 및 석유화학 제품 생산 / 석유 정제 및 석유화학 제품 생산 / 석유 정제 및 석유화학 제품 생산,정유|석유화학|윤활기유|방향족|올레핀계 제품|휘발유,20260320000559,
L044,L,(주)하이브,국내 영상·오디오 콘텐츠 제작·배급 기업,음반/음원|공연|MD 및 라이선싱|콘텐츠|플랫폼,,"음반/음원 기획, 제작, 유통 및 매니지먼트 / 음반 기획 및 제작, 매니지먼트, 공연 기획 및 제작, 영상 콘텐츠 제작 / 음반/음원 기획, 제작, 유통 및 매니지먼트",음반/음원|공연|MD 및 라이선싱|콘텐츠|플랫폼,20260320000802,
L045,L,주식회사 크래프톤,국내 출판 기업,게임|배틀그라운드|PC 게임|모바일 게임|콘솔 게임|광고,,배틀그라운드 시리즈 게임 개발 및 퍼블리싱 / 배틀그라운드 시리즈 게임 개발 및 퍼블리싱 / 배틀그라운드,게임|배틀그라운드|PC 게임|모바일 게임|콘솔 게임|광고,20260515002689,
L046,L,삼성에스디에스(주),국내 컴퓨터 프로그래밍·시스템 통합 기업,클라우드 서비스|IT 아웃소싱|종합 물류 서비스|생성형 AI|ERP|팩토리 솔루션,키워드가 모델 답 어디에도 없음: 정답 동의어(예: 반도체)가 빠졌는지 확인,IT 서비스 및 솔루션 제공 / IT 서비스 및 솔루션 제공 / IT 서비스 및 솔루션 제공,클라우드 서비스|IT 아웃소싱|종합 물류 서비스|생성형 AI|ERP|팩토리 솔루션,20260310002989,
L047,L,현대오토에버(주),국내 출판 기업,IT 서비스|SI|ITO|차량용 SW|내비게이션 SW|차량 SW 플랫폼,,차량용 소프트웨어 개발 및 IT 서비스 / 차량용 소프트웨어 개발 및 IT 서비스 / 차량용 소프트웨어 개발 및 IT 서비스,IT 서비스|SI|ITO|차량용 SW|내비게이션 SW|차량 SW 플랫폼,20260318001324,
L048,L,(주)대한항공,국내 운수·창고 기업,여객 운송|화물 운송|항공기 정비|항공우주 사업|항공기 부품 제조,,여객 및 화물 운송 / 여객 및 화물 항공 운송 / 여객 및 화물 항공 운송,여객 운송|화물 운송|항공기 정비|항공우주 사업|항공기 부품 제조,20260318001125,
L049,L,(주)한화,국내 화학물질·화학제품 제조 기업,산업용 화약|화학제품|조선업|건설업|태양광|금융업,,"방산, 태양광, 석유화학, 금융, 건설 등 다양한 사업 영위 / 방산, 태양광, 석유화학, 금융, 리조트 등 / 방산, 태양광, 석유화학, 금융, 건설 등",산업용 화약|화학제품|조선업|건설업|태양광|금융업,20260331003871,
L050,L,에이치디현대마린솔루션(주),국내 건축기술·엔지니어링 서비스 기업,선박 After Service|AM솔루션|벙커링|친환경솔루션|디지털솔루션|선박 유지보수,키워드가 모델 답 어디에도 없음: 정답 동의어(예: 반도체)가 빠졌는지 확인,선박 애프터서비스 및 친환경 솔루션 / 선박 애프터서비스 및 친환경 선박 솔루션 / 선박 애프터서비스 및 친환경 솔루션,선박 After Service|AM솔루션|벙커링|친환경솔루션|디지털솔루션|선박 유지보수,20260316001512,
M001,M,두산퓨얼셀 주식회사,국내 전기장비 제조 기업,발전용 연료전지|연료전지 주기기|장기유지보수서비스|수소 발전|친환경 발전원,키워드가 모델 답 어디에도 없음: 정답 동의어(예: 반도체)가 빠졌는지 확인,수소 연료전지 / 수소 연료전지 발전 시스템 / 수소 연료전지 발전 시스템,발전용 연료전지|연료전지 주기기|장기유지보수서비스|수소 발전|친환경 발전원,20260318001264,
M002,M,코오롱인더스트리(주),국내 화학물질·화학제품 제조 기업,타이어코오드|아라미드|석유수지|자동차 소재|엔지니어링 플라스틱|인조잔디,키워드가 모델 답 어디에도 없음: 정답 동의어(예: 반도체)가 빠졌는지 확인,"산업자재, 화학소재, 필름/전자재료, 패션 / 필름, 전자재료, 산업재, 화학, 패션 / 필름, 전자재료, 산업재, 화학, 패션",타이어코오드|아라미드|석유수지|자동차 소재|엔지니어링 플라스틱|인조잔디,20260331001900,
M003,M,(주)LX인터내셔널,국내 도매 유통 기업,자원|Trading|신성장|물류|광물 자원|팜,,"에너지,팜,바이오,친환경 소재 등 다양한 사업",자원|Trading|신성장|물류|광물 자원|팜,20260318000623,
M004,M,(주)달바글로벌,국내 화학물질·화학제품 제조 기업,화장품|건강기능식품|홈뷰티기기|비건 뷰티|이너뷰티,,,화장품|건강기능식품|홈뷰티기기|비건 뷰티|이너뷰티,20260407001978,
M005,M,(주)파라다이스,국내 예술·스포츠·여가 서비스 기업,카지노|호텔|복합리조트|외국인 전용 카지노|카지노 테이블|슬롯머신,,카지노 사업 / 카지노 사업 / 카지노 사업,카지노|호텔|복합리조트|외국인 전용 카지노|카지노 테이블|슬롯머신,20260319001270,
M006,M,주식회사 에프앤에프,국내 의복·의복 액세서리 제조 기업,패션|의류|MLB|DISCOVERY|아동복|스포츠웨어,,캐주얼 의류 및 스포츠 의류 / 캐주얼 의류 및 스포츠 의류 / 캐주얼 의류 및 스포츠 의류,패션|의류|MLB|DISCOVERY|아동복|스포츠웨어,20260318001512,
M007,M,(주)시프트업,국내 출판 기업,게임 개발|승리의 여신: 니케|스텔라 블레이드|콘솔 게임|모바일 게임|RPG,,모바일 및 콘솔 게임 개발 / 모바일 게임 개발 및 서비스 / 모바일 게임 개발 및 서비스,게임 개발|승리의 여신: 니케|스텔라 블레이드|콘솔 게임|모바일 게임|RPG,20260318001672,
M008,M,코스모신소재(주),국내 화학물질·화학제품 제조 기업,이차전지 양극활물질|배터리 소재|기능성필름|MLCC|토너,,"이차전지 양극활물질 및 전구체, 기능성 필름 / 이차전지 양극활물질 및 관련 소재 / 이차전지 양극재 및 응집제",이차전지 양극활물질|배터리 소재|기능성필름|MLCC|토너,20260602000342,
M009,M,롯데정밀화학(주),국내 화학물질·화학제품 제조 기업,ECH|가성소다|암모니아|메셀로스|애니코트|유록스,,"정밀화학 제품 (염소, 가성소다, ECH, SCC 등) / 정밀화학 제품 (염소, 가성소다, ECH 등) / 정밀화학 제품 (염소, 가성소다, ECH 등)",ECH|가성소다|암모니아|메셀로스|애니코트|유록스,20260814002211,
M010,M,한일시멘트(주),국내 비금속 광물제품 제조 기업,시멘트|레미탈|레미콘|건축 자재|건설업,,시멘트 및 레미콘 제조 / 시멘트 및 레미콘 제조 / 시멘트 및 레미콘 제조/판매,시멘트|레미탈|레미콘|건축 자재|건설업,20260317000863,
M011,M,SNT에너지(주),국내 기계·장비 제조 기업,공랭식 열교환기|AIR COOLER|배열회수보일러|HRSG|SCR|질소산화물 저감장치,키워드가 모델 답 어디에도 없음: 정답 동의어(예: 반도체)가 빠졌는지 확인,"열교환기, 공기냉각기, 압축기 등 / 열교환기, 압축기, 공기분리장치 등 / 선박 엔진용 부품, 발전 설비 제조",공랭식 열교환기|AIR COOLER|배열회수보일러|HRSG|SCR|질소산화물 저감장치,20260220002472,
M012,M,아이에스동서(주),국내 비금속 광물제품 제조 기업,콘크리트|건축자재|건설|아파트|폐기물 처리|폐배터리 재활용,,"건설, 건설자재, 요업, IT / 건설, 건설자재, 요업, IT / 건설, 건설자재, 요업, IT",콘크리트|건축자재|건설|아파트|폐기물 처리|폐배터리 재활용,20260318001565,
M013,M,부광약품(주),국내 의약품 제조 기업,의약품|완제 의약품|건강기능식품|의약외품|당뇨병성 신경병증 치료제|CNS 주요 전략제품군,,의약품 제조 및 판매 / 의약품 제조 및 판매 / 의약품 제조 및 판매,의약품|완제 의약품|건강기능식품|의약외품|당뇨병성 신경병증 치료제|CNS 주요 전략제품군,20260316001273,
M014,M,케이지모빌리티(주),국내 자동차·자동차부품 제조 기업,완성차|자동차|차량|부품|차량 부품,,자동차 제조 및 판매 / 자동차 제조 및 판매 / 자동차 제조 및 판매,완성차|자동차|차량|부품|차량 부품,20260318000964,
M015,M,(주)신한알파위탁관리부동산투자회사,국내 부동산 기업,부동산 임대|오피스 빌딩|리츠|부동산 투자|상장 리츠,,부동산 임대 및 관리 / 부동산 임대 및 관리 / 부동산 임대 및 관리,부동산 임대|오피스 빌딩|리츠|부동산 투자|상장 리츠,20251202000364,
M016,M,(주)케이씨텍,국내 의료·정밀·광학기기 제조 기업,CMP|Wet Cleaning System|반도체 장비|디스플레이 장비|Slurry|Ceria Slurry,키워드가 모델 답 어디에도 없음: 정답 동의어(예: 반도체)가 빠졌는지 확인,반도체 및 디스플레이 공정용 화학소재 / 반도체 및 디스플레이 공정용 화학소재 / 반도체 및 디스플레이 공정용 화학소재,CMP|Wet Cleaning System|반도체 장비|디스플레이 장비|Slurry|Ceria Slurry,20260313001174,
M017,M,(주)경동나비엔,국내 전기장비 제조 기업,생활환경 에너지|가스보일러|콘덴싱보일러|난방기|온수기|환기청정시스템,,보일러 및 온수기 제조 / 보일러 및 온수기 제조 / 보일러 및 온수기,생활환경 에너지|가스보일러|콘덴싱보일러|난방기|온수기|환기청정시스템,20260318001570,
M018,M,대한유화(주),국내 화학물질·화학제품 제조 기업,기초유분|모노머|폴리머|석유화학|에틸렌|프로필렌,,석유화학 제품 제조 및 판매 / 석유화학 제품 제조 및 판매 / 석유화학 제품 제조 및 판매,기초유분|모노머|폴리머|석유화학|에틸렌|프로필렌,20260305001191,
M019,M,명인제약(주),국내 의약품 제조 기업,정신신경용제|CNS 의약품|뇌졸중 치료제|파킨슨 치료제|우울증 치료제|조현병 치료제,키워드가 모델 답 어디에도 없음: 정답 동의어(예: 반도체)가 빠졌는지 확인,의약품 제조 및 판매,정신신경용제|CNS 의약품|뇌졸중 치료제|파킨슨 치료제|우울증 치료제|조현병 치료제,20260325001031,
M020,M,(주)후성,국내 화학물질·화학제품 제조 기업,기초화합물|불소화합물|냉매|2차전지 소재|반도체 특수가스|화공기기,키워드가 모델 답 어디에도 없음: 정답 동의어(예: 반도체)가 빠졌는지 확인,"반도체 및 디스플레이용 화학소재, 자동차 전지용 소재 / 반도체 및 디스플레이용 화학소재, 자동차 전지용 소재 / 반도체 및 디스플레이용 화학소재, 자동차 전지용 소재",기초화합물|불소화합물|냉매|2차전지 소재|반도체 특수가스|화공기기,20260318001491,
M021,M,주식회사 현대그린푸드,국내 소매 유통 기업,단체급식|식자재 유통|푸드서비스|외식|공산품 유통,,"단체급식, 식자재 유통, 외식사업 / 단체급식, 식자재 유통, 외식 사업 / 단체급식, 식자재 유통, 외식사업",단체급식|식자재 유통|푸드서비스|외식|공산품 유통,20260316001009,
M022,M,(주)우진,국내 의료·정밀·광학기기 제조 기업,원자력발전소용 계측기|온도센서|산업용 계측기|자동화장치|플랜트|반도체,키워드가 모델 답 어디에도 없음: 정답 동의어(예: 반도체)가 빠졌는지 확인,"원자력 발전소 및 화력 발전소 관련 설비, 부품 제작 및 공급",원자력발전소용 계측기|온도센서|산업용 계측기|자동화장치|플랜트|반도체,20260316000450,
M023,M,(주)덴티움,국내 의료·정밀·광학기기 제조 기업,임플란트|치과용 의료기기|수소연료전지|SOFC|Digital Dentistry,,치과용 임플란트 및 관련 의료기기 / 치과용 임플란트 및 관련 의료기기 / 치과용 임플란트 및 관련 기자재 제조/판매,임플란트|치과용 의료기기|수소연료전지|SOFC|Digital Dentistry,20260928000355,
M024,M,광동제약(주),국내 의약품 제조 기업,건강드링크|건강기능식품|전문의약품|생수|한방감기약,키워드가 모델 답 어디에도 없음: 정답 동의어(예: 반도체)가 빠졌는지 확인,"비타500, 삼다수 / 비타500, 삼다수, 우황청심원 등 건강음료 및 의약품 / 비타500, 삼다수, 우황청심원 등 건강음료 및 의약품",건강드링크|건강기능식품|전문의약품|생수|한방감기약,20260318001573,
M025,M,(주)SIMPAC,국내 1차 금속 제조 기업,프레스|금속성형가공기계|합금철|페로앨로이|Roll|철강,,"자동화 설비, 프레스 / 자동화 설비, 프레스 / 자동화 설비, 프레스",프레스|금속성형가공기계|합금철|페로앨로이|Roll|철강,20260318001274,
M026,M,아세아(주),국내 전문 서비스 기업,시멘트|레미콘|골판지원지|골판지상자|제지,,,시멘트|레미콘|골판지원지|골판지상자|제지,20260326000458,
M027,M,고려제강(주),국내 1차 금속 제조 기업,와이어로프|선재|경강선|비드와이어|특수선재,,"와이어 로프, 경강선, 특수강선 제조 / 철강선 및 관련 제품 제조 / 와이어 로프, 강연선, 경강선 등 철강선재 제품 제조",와이어로프|선재|경강선|비드와이어|특수선재,20260319001226,
M028,M,한화갤러리아(주),국내 소매 유통 기업,백화점|프리미엄 라이프스타일|햄버거|와인|알로에 음료|아이스크림,,면세점 및 백화점 사업 / 백화점 운영 / 백화점 운영,백화점|프리미엄 라이프스타일|햄버거|와인|알로에 음료|아이스크림,20260318001221,
M029,M,(주)드림텍,국내 전자부품·컴퓨터·통신장비 제조 기업,스마트폰 부품|PBA 모듈|카메라 모듈|지문인식 센서|메모리 모듈|IT기기,,,스마트폰 부품|PBA 모듈|카메라 모듈|지문인식 센서|메모리 모듈|IT기기,20260318001215,
M030,M,(주)삼립,국내 식료품 제조 기업,빵|케이크류|밀가루|육가공품|샌드위치|제과,,"식품 제조 및 유통 (빵, 떡, 면류 등) / 빵, 떡, 면류, 냉동식품, 간편식 등 식품 제조 및 유통 / 식품 제조 및 판매 (빵, 과자, 면류 등)",빵|케이크류|밀가루|육가공품|샌드위치|제과,20260318001066,
M031,M,한국유나이티드제약(주),국내 의약품 제조 기업,개량신약|전문의약품|실로스탄CR정|아트맥콤비젤|가스티인CR정|의약품,,"항암제, 호흡기 질환 치료제 등 전문의약품 개발 및 판매 / 항암제, 호흡기 질환 치료제 등 전문의약품 개발 및 판매",개량신약|전문의약품|실로스탄CR정|아트맥콤비젤|가스티인CR정|의약품,20260319001196,
M032,M,(주)제이알글로벌위탁관리부동산투자회사,국내 부동산 기업,부동산 투자|위탁관리부동산투자회사|해외부동산|오피스 임대|자산 운용,,부동산 투자 및 개발 / 부동산 임대 및 투자 / 부동산 투자 및 개발,부동산 투자|위탁관리부동산투자회사|해외부동산|오피스 임대|자산 운용,20260323001319,
M033,M,(주)한진,국내 육상 운송 기업,물류|택배|글로벌 포워딩|컨테이너 운송|해운|에너지,,"택배, 물류, 하역 / 종합물류사업 / 종합물류사업",물류|택배|글로벌 포워딩|컨테이너 운송|해운|에너지,20260316001427,
M034,M,(주)사조대림,국내 식료품 제조 기업,어묵|맛살|식용유지|참치캔|육가공|닭고기,키워드가 모델 답 어디에도 없음: 정답 동의어(예: 반도체)가 빠졌는지 확인,수산물 가공 및 식품 제조 / 수산물 가공 및 식품 제조 / 수산물 가공 및 식품 제조,어묵|맛살|식용유지|참치캔|육가공|닭고기,20260318001283,
M035,M,주식회사 이지스밸류플러스위탁관리부동산투자회사,국내 부동산 기업,부동산 투자|리츠|부동산 임대|수익증권|자산 운용,,부동산 투자 및 관리 / 부동산 투자 및 관리 / 부동산 투자 및 관리,부동산 투자|리츠|부동산 임대|수익증권|자산 운용,20251120000578,
M036,M,(주)와이지플러스,국내 정보 서비스 기업,음반|음원|음악플랫폼|MD|IP 라이선싱|금융투자,,,음반|음원|음악플랫폼|MD|IP 라이선싱|금융투자,20260319000816,
M037,M,서울도시가스(주),국내 전기·가스·증기 공급 기업,도시가스공급|천연가스|부동산 임대|해외자원개발|에너지,키워드가 모델 답 어디에도 없음: 정답 동의어(예: 반도체)가 빠졌는지 확인,도시가스 공급 / 도시가스 공급 / 도시가스 공급,도시가스공급|천연가스|부동산 임대|해외자원개발|에너지,20260318000625,
M038,M,삼영전자공업(주),국내 전자부품·컴퓨터·통신장비 제조 기업,콘덴서|알루미늄 전해콘덴서|고체콘덴서|하이브리드콘덴서|전자부품,,콘덴서 제조 / 콘덴서 제조 / 콘덴서 제조,콘덴서|알루미늄 전해콘덴서|고체콘덴서|하이브리드콘덴서|전자부품,20260319001319,
M039,M,주식회사 화승엔터프라이즈,국내 제조 기업,ODM 신발|신발제품|모자관련 제품|운동화|가죽류|비닐류,,운동화 및 스포츠용품 제조 / 운동화 및 스포츠용품 제조 / 운동화 및 스포츠용품 제조,ODM 신발|신발제품|모자관련 제품|운동화|가죽류|비닐류,20260312000443,
M040,M,삼화전기(주),국내 전자부품·컴퓨터·통신장비 제조 기업,콘덴서|전해콘덴서|전기이중층콘덴서|칩전해콘덴서|하이브리드콘덴서|에너지 저장장치,,콘덴서 / 콘덴서 / 콘덴서,콘덴서|전해콘덴서|전기이중층콘덴서|칩전해콘덴서|하이브리드콘덴서|에너지 저장장치,20260319000867,
M041,M,(주)동아지질,국내 건설 기업,토목공사|보링 그라우팅 공사|수중공사|지반조사|지반개량사업|엔지니어링,,지반 조사 및 엔지니어링 / 지반 조사 및 엔지니어링 / 지반 조사 및 엔지니어링,토목공사|보링 그라우팅 공사|수중공사|지반조사|지반개량사업|엔지니어링,20260318001545,
M042,M,(주)도화엔지니어링,국내 건축기술·엔지니어링 서비스 기업,종합토목설계|건설사업관리|신재생에너지 발전시설|태양광 전력 판매|인프라 시설물 유지관리보수|SOC 설계,키워드가 모델 답 어디에도 없음: 정답 동의어(예: 반도체)가 빠졌는지 확인,종합 엔지니어링 서비스 / 종합 엔지니어링 서비스 / 종합 엔지니어링 서비스,종합토목설계|건설사업관리|신재생에너지 발전시설|태양광 전력 판매|인프라 시설물 유지관리보수|SOC 설계,20260316001627,
M043,M,한솔제지(주),국내 펄프·종이·종이제품 제조 기업,산업용지|인쇄용지|특수지|종이용기|감열지,키워드가 모델 답 어디에도 없음: 정답 동의어(예: 반도체)가 빠졌는지 확인,종이 및 판지 제조 / 종이 및 판지 제조 / 종이 및 판지 제조,산업용지|인쇄용지|특수지|종이용기|감열지,20260313001328,
M044,M,케이비아이동양철관(주),국내 1차 금속 제조 기업,강관|배관용 강관|수도관|가스관|송유관|강관말뚝,,강관 제조 및 판매 / 강관 제조 / 강관 제조 및 판매,강관|배관용 강관|수도관|가스관|송유관|강관말뚝,20260318001380,
M045,M,금호건설(주),국내 종합 건설 기업,토목|건축|플랜트|주택/개발|건설,,"건축, 토목, 플랜트, 주택 건설 등 / 건축, 토목, 플랜트, 주택 건설 / 건축, 토목, 플랜트, 주택 건설 등",토목|건축|플랜트|주택/개발|건설,20260318001135,
M046,M,대한제분(주),국내 식료품 제조 기업,소맥분|제분|사료|반려동물 사료|식음료,키워드가 모델 답 어디에도 없음: 정답 동의어(예: 반도체)가 빠졌는지 확인,밀가루 및 밀가루 관련 제품 생산/판매 / 밀가루 및 기타 곡물 가공 / 밀가루 및 밀가루 관련 제품 생산,소맥분|제분|사료|반려동물 사료|식음료,20260319001278,
M047,M,(주)알루코,국내 1차 금속 제조 기업,알루미늄 압출품|전기차 배터리 케이스|모바일/디스플레이 프레임|태양광 모듈 프레임|건축용 자재|산업용 소재,키워드가 모델 답 어디에도 없음: 정답 동의어(예: 반도체)가 빠졌는지 확인,알루미늄 압출재 / 알루미늄 압출재 / 알루미늄 압출 제품,알루미늄 압출품|전기차 배터리 케이스|모바일/디스플레이 프레임|태양광 모듈 프레임|건축용 자재|산업용 소재,20260318001554,
M048,M,송원산업(주),국내 화학물질·화학제품 제조 기업,폴리머 안정제|PVC 안정제|주석 중간체|연료 및 윤활유 첨가제|코팅제|화학제품,키워드가 모델 답 어디에도 없음: 정답 동의어(예: 반도체)가 빠졌는지 확인,"산화방지제, 자외선안정제 등 고분자 첨가제 / 산화방지제, 자외선 안정제 등 고분자 첨가제 / 산화방지제, 자외선 안정제 등 플라스틱 첨가제",폴리머 안정제|PVC 안정제|주석 중간체|연료 및 윤활유 첨가제|코팅제|화학제품,20260602000117,
M049,M,(주)한국화장품제조,국내 화학물질·화학제품 제조 기업,화장품 제조|OEM|ODM|기초 화장품|색조 화장품,,화장품 제조 및 판매 / 화장품 제조 및 판매 / 화장품 제조 및 판매,화장품 제조|OEM|ODM|기초 화장품|색조 화장품,20260813000488,
M050,M,이연제약(주),국내 의약품 제조 기업,전문의약품|처방의약품|조영제|원료의약품|바이오의약품,키워드가 모델 답 어디에도 없음: 정답 동의어(예: 반도체)가 빠졌는지 확인,의약품 제조 및 판매 / 의약품 제조 및 판매,전문의약품|처방의약품|조영제|원료의약품|바이오의약품,20260320001314,
S001,S,(주)하이퍼코퍼레이션,국내 도매 유통 기업,커머스|로지텍|신약|진통제|모바일쿠폰|소프트웨어,,,커머스|로지텍|신약|진통제|모바일쿠폰|소프트웨어,20260323001515,
S002,S,켄코아에어로스페이스(주),국내 기타 운송장비 제조 기업,항공 MRO|항공기 구조물 생산|항공기 부품 가공|우주발사체 파트 생산|UAM/드론 개발|항공 원소재 공급,키워드가 모델 답 어디에도 없음: 정답 동의어(예: 반도체)가 빠졌는지 확인,항공기 부품 제조 및 항공우주 사업 / 항공기 부품 제조 및 항공우주 사업 / 항공기 부품 제조 및 항공우주 사업,항공 MRO|항공기 구조물 생산|항공기 부품 가공|우주발사체 파트 생산|UAM/드론 개발|항공 원소재 공급,20260323001536,
S003,S,에이치엘비제넥스(주),국내 의약품 제조 기업,산업용 특수 효소|바이오 헬스케어 소재|마이크로바이옴-효소 제품|카탈라제|락타아제|비타민 K2,키워드가 모델 답 어디에도 없음: 정답 동의어(예: 반도체)가 빠졌는지 확인,면역항암제 개발 / 면역항암제 개발 / 면역항암제 개발,산업용 특수 효소|바이오 헬스케어 소재|마이크로바이옴-효소 제품|카탈라제|락타아제|비타민 K2,20260320001238,
S004,S,(주)폴라리스오피스,국내 출판 기업,글로벌 오피스 솔루션|소프트웨어 플랫폼|자동차 공조부품|합성사|API 및 CDMO,키워드가 모델 답 어디에도 없음: 정답 동의어(예: 반도체)가 빠졌는지 확인,오피스 소프트웨어 및 클라우드 서비스 / 오피스 소프트웨어 및 클라우드 서비스 / 오피스 소프트웨어,글로벌 오피스 솔루션|소프트웨어 플랫폼|자동차 공조부품|합성사|API 및 CDMO,20260323001559,
S005,S,(주)큐로홀딩스,국내 소매 유통 기업,커피|커피머신|드라마 영상 콘텐츠|Oil and Gas|유가스전 개발,,,커피|커피머신|드라마 영상 콘텐츠|Oil and Gas|유가스전 개발,20260320000208,
S006,S,(주)엘에스케이아이로봇,국내 고무·플라스틱제품 제조 기업,도전성 소재|유기전도성고분자|정전분산(ESD) 관련 소재|기능성 ESD보호필름 및 테이프|카본나노튜브|이온성액체,,,도전성 소재|유기전도성고분자|정전분산(ESD) 관련 소재|기능성 ESD보호필름 및 테이프|카본나노튜브|이온성액체,20260323001457,
S007,S,(주)엑스플러스,국내 제조 기업,모바일 IT 디바이스 액세서리|스마트폰 케이스|버즈 케이스|IP 활용 액세서리|웨어러블 액세서리,,,모바일 IT 디바이스 액세서리|스마트폰 케이스|버즈 케이스|IP 활용 액세서리|웨어러블 액세서리,20260319000006,
S008,S,성호전자(주),국내 전자부품·컴퓨터·통신장비 제조 기업,파워|전원공급장치|필름콘덴서|SMPS|콘덴서,키워드가 모델 답 어디에도 없음: 정답 동의어(예: 반도체)가 빠졌는지 확인,전자부품 제조 / 전자부품 제조 / 인쇄회로기판(PCB) 제조,파워|전원공급장치|필름콘덴서|SMPS|콘덴서,20260320001361,
S009,S,더이앤엠(주),국내 정보 서비스 기업,개인방송 플랫폼|1인 미디어|인터넷 방송|MCN|콘텐츠 사업,,,개인방송 플랫폼|1인 미디어|인터넷 방송|MCN|콘텐츠 사업,20260323001664,
S010,S,(주)휴림에이텍,국내 자동차·자동차부품 제조 기업,자동차 내외장재|카페트|트렁크 트림|휠가드|언더커버|자동차 부품,,,자동차 내외장재|카페트|트렁크 트림|휠가드|언더커버|자동차 부품,20260319001131,
S011,S,(주)퀀텀레일,국내 출판 기업,스마트카드|카드운영체제|USIM|보안 기술|IoT 디바이스|임베디드 보안 SW,,,스마트카드|카드운영체제|USIM|보안 기술|IoT 디바이스|임베디드 보안 SW,20260318001662,
S012,S,(주)케이엔더블유,국내 자동차·자동차부품 제조 기업,전자부품소재|자동차부품소재|반도체소재|특수가스|광학필름|자동차 내장재,,,전자부품소재|자동차부품소재|반도체소재|특수가스|광학필름|자동차 내장재,20260311003815,
S013,S,(주)에프엔씨엔터테인먼트,국내 예술·스포츠·여가 서비스 기업,음악사업|매니지먼트|공연|음원/음반|MD|미디어콘텐츠 제작,키워드가 모델 답 어디에도 없음: 정답 동의어(예: 반도체)가 빠졌는지 확인,"엔터테인먼트 사업 (음악, 드라마, 예능 등) / 엔터테인먼트 사업 (음악, 드라마, 예능 등) / 음악 콘텐츠 제작 및 엔터테인먼트 사업",음악사업|매니지먼트|공연|음원/음반|MD|미디어콘텐츠 제작,20260721001149,
S014,S,삼보모터스(주),국내 자동차·자동차부품 제조 기업,자동차용 파이프류|플라스틱 부품|자동차 부품|금형|Auto Part|Pipe Part,,자동차 부품 제조 / 자동차 부품 제조 (주로 모터 관련) / 자동차 부품 제조,자동차용 파이프류|플라스틱 부품|자동차 부품|금형|Auto Part|Pipe Part,20260323000719,
S015,S,주식회사 파라텍,국내 기계·장비 제조 기업,소방설비|소방기구|스프링클러|소화설비공사|기계설비,,,소방설비|소방기구|스프링클러|소화설비공사|기계설비,20260320001022,
S016,S,(주)파인테크닉스,국내 전기장비 제조 기업,LED조명|방폭조명|스마트조명|산업조명|투명디스플레이,,,LED조명|방폭조명|스마트조명|산업조명|투명디스플레이,20260327001240,
S017,S,(주)넥써쓰,국내 출판 기업,게임 개발 및 서비스|블록체인 플랫폼|온체인 게임 플랫폼|게임 아이템|디지털 재화|인플루언서 마케팅,,,게임 개발 및 서비스|블록체인 플랫폼|온체인 게임 플랫폼|게임 아이템|디지털 재화|인플루언서 마케팅,20260318001674,
S018,S,(주)대성하이텍,국내 기계·장비 제조 기업,정밀기계부품|방산부품|로봇부품|초정밀 부품|정밀 유도무기(PGM) 부품|로봇 CDMO,,,정밀기계부품|방산부품|로봇부품|초정밀 부품|정밀 유도무기(PGM) 부품|로봇 CDMO,20260323000925,
S019,S,(주)빛과전자,국내 전자부품·컴퓨터·통신장비 제조 기업,광송수신기 모듈|광통신|5G 통신망|데이터센터|FTTH|Telecom/ Telecom/,,,광송수신기 모듈|광통신|5G 통신망|데이터센터|FTTH|Telecom/ Telecom/,20260320001115,
S020,S,제이케이시냅스(주),국내 화학물질·화학제품 제조 기업,전자소재|RFID Tag|폐배터리|통신기기|반도체 부품,,,전자소재|RFID Tag|폐배터리|통신기기|반도체 부품,20260324000021,
S021,S,(주)옵트론텍,국내 의료·정밀·광학기기 제조 기업,광학필터|이미지센서용 필터|적외선차단필터|광학렌즈|광학용 Actuator|카메라 모듈,키워드가 모델 답 어디에도 없음: 정답 동의어(예: 반도체)가 빠졌는지 확인,광학 필터 및 모듈 / 광학 필터 및 모듈 / 광학 필터 및 모듈,광학필터|이미지센서용 필터|적외선차단필터|광학렌즈|광학용 Actuator|카메라 모듈,20260629000485,
S022,S,(주)디티앤씨,국내 건축기술·엔지니어링 서비스 기업,시험인증|전자기기 시험|자동차전장 시험|바이오 시험|기간산업 시험|EMC,,,시험인증|전자기기 시험|자동차전장 시험|바이오 시험|기간산업 시험|EMC,20260513000805,
S023,S,(주)애드바이오텍,국내 의약품 제조 기업,IgY 항체|VHH 항체|나노바디|미생물제|동물용 의약품|면역항체,,,IgY 항체|VHH 항체|나노바디|미생물제|동물용 의약품|면역항체,20260323000601,
S024,S,(주)쎄노텍,국내 비금속 광물제품 제조 기업,이차전지 첨가제|세라믹 비드|세라믹 파우더|MLCC|반도체 소재,,"세라믹 비드 / 세라믹 비드 / 세라믹 비드, 볼",이차전지 첨가제|세라믹 비드|세라믹 파우더|MLCC|반도체 소재,20260316001214,
S025,S,(주)큐라티스,국내 연구개발 기업,결핵 예방 백신|QTP101|주혈흡충증 예방 백신|QTP105|코로나19 예방 백신|mRNA 백신,,,결핵 예방 백신|QTP101|주혈흡충증 예방 백신|QTP105|코로나19 예방 백신|mRNA 백신,20260323000808,
S026,S,(주)지놈앤컴퍼니,국내 의약품 제조 기업,신약개발|면역항암제|ADC|마이크로바이옴|신규타깃,,면역항암제 및 마이크로바이옴 신약 개발 / 마이크로바이옴 기반 신약 개발 / 마이크로바이옴 기반 신약 개발,신약개발|면역항암제|ADC|마이크로바이옴|신규타깃,20260320001084,
S027,S,(주)츌립앤사이언스,국내 연구개발 기업,압타머|신약 개발|항암 치료제|CRO 서비스|바이오의약품 분석,,,압타머|신약 개발|항암 치료제|CRO 서비스|바이오의약품 분석,20260313001240,
S028,S,(주)아시아경제,국내 정보 서비스 기업,경제 미디어|광고 사업|콘텐츠 사업|디지털콘텐츠 판매|구독 사업|HR 사업,,,경제 미디어|광고 사업|콘텐츠 사업|디지털콘텐츠 판매|구독 사업|HR 사업,20260709000678,
S029,S,(주)오르비텍,국내 건축기술·엔지니어링 서비스 기업,원자력|방사선 관리|ISI|비파괴 검사|항공기 부품|정밀 부품,키워드가 모델 답 어디에도 없음: 정답 동의어(예: 반도체)가 빠졌는지 확인,"항공우주 부품, 방산 부품, 반도체 장비 부품 등 / 항공우주 및 국방 분야의 부품 개발 및 제조 / 항공우주 및 국방산업 관련 사업",원자력|방사선 관리|ISI|비파괴 검사|항공기 부품|정밀 부품,20260323001736,
S030,S,해성옵틱스(주),국내 의료·정밀·광학기기 제조 기업,VCM(OIS)사업|OIS 액츄에이터|모바일 카메라|스마트폰 카메라 부품|카메라 모듈 부품,키워드가 모델 답 어디에도 없음: 정답 동의어(예: 반도체)가 빠졌는지 확인,카메라 모듈 및 부품 / 카메라 모듈 및 부품 / 카메라 모듈 및 관련 부품 제조,VCM(OIS)사업|OIS 액츄에이터|모바일 카메라|스마트폰 카메라 부품|카메라 모듈 부품,20260731000513,
S031,S,(주)천보,국내 화학물질·화학제품 제조 기업,2차전지 소재|전해액 첨가제|전자소재|LCD 식각액 첨가제|OLED 소재|반도체 공정 소재,,"이차전지 전해질 첨가제, 무기화학제품 / 전해액 첨가제, 염화리튬, 불화리튬 등 / 이차전지 전해질 첨가제",2차전지 소재|전해액 첨가제|전자소재|LCD 식각액 첨가제|OLED 소재|반도체 공정 소재,20260316001138,
S032,S,(주)아이엘,국내 전기장비 제조 기업,실리콘렌즈|LED 조명|전장부품|휴머노이드 로봇|전고체 배터리,,,실리콘렌즈|LED 조명|전장부품|휴머노이드 로봇|전고체 배터리,20260324000015,
S033,S,(주)아미노로직스,국내 의약품 제조 기업,원료의약품|아미노산|아미노산 유도체 화합물|의약품|정밀화학,,,원료의약품|아미노산|아미노산 유도체 화합물|의약품|정밀화학,20260323001526,
S034,S,(주)아이윈,국내 자동차·자동차부품 제조 기업,자동차 시트히터|발열핸들|ECU|통풍시트|복사열 워머|자동차 부품,,,자동차 시트히터|발열핸들|ECU|통풍시트|복사열 워머|자동차 부품,20260323001346,
S035,S,(주)에스오에스랩,국내 의료·정밀·광학기기 제조 기업,라이다|LiDAR|3D 라이다|고정형 라이다|센서|광학 기술,,,라이다|LiDAR|3D 라이다|고정형 라이다|센서|광학 기술,20260319000013,
S036,S,엠디바이스 주식회사,국내 전자부품·컴퓨터·통신장비 제조 기업,SSD|기업용 SSD|데이터센터|메모리 반도체|시스템 반도체|BGA SSD,,,SSD|기업용 SSD|데이터센터|메모리 반도체|시스템 반도체|BGA SSD,20260313001373,
S037,S,(주)와이바이오로직스,국내 연구개발 기업,항체신약|항체 디스커버리 플랫폼|Ymax®-ABL|나노바디|기술이전|계약연구 서비스,키워드가 모델 답 어디에도 없음: 정답 동의어(예: 반도체)가 빠졌는지 확인,항체 신약 개발 / 항체 신약 개발 / 항체 신약 개발,항체신약|항체 디스커버리 플랫폼|Ymax®-ABL|나노바디|기술이전|계약연구 서비스,20260323000887,
S038,S,(주)알엔투테크놀로지,국내 전자부품·컴퓨터·통신장비 제조 기업,무선통신 장비용 부품|MLC|MCP|Foundry Service|LTCC Powder|세라믹 방열 기판,,,무선통신 장비용 부품|MLC|MCP|Foundry Service|LTCC Powder|세라믹 방열 기판,20260323001654,
S039,S,주식회사 에이럭스,국내 제조 기업,교육용 드론|로봇|드론|방산 드론|교육용 로봇|공간 기반 플랫폼,,,교육용 드론|로봇|드론|방산 드론|교육용 로봇|공간 기반 플랫폼,20260318001466,
S040,S,코오롱생명과학(주),국내 의약품 제조 기업,원료의약품|항균제|피리치온계 항균제|의약품|Chemical|SC,,,원료의약품|항균제|피리치온계 항균제|의약품|Chemical|SC,20260318001698,
S041,S,코닉오토메이션(주),국내 기계·장비 제조 기업,제어SW|스마트팩토리|로봇물류|IT인프라|반도체|자동화 솔루션,,스마트팩토리 솔루션 / 스마트팩토리 솔루션 / 스마트팩토리 솔루션,제어SW|스마트팩토리|로봇물류|IT인프라|반도체|자동화 솔루션,20260318001087,
S042,S,주식회사 다보링크,국내 전자부품·컴퓨터·통신장비 제조 기업,정보통신장비|AP|Gateway|Wi-Fi|친환경 생분해 플라스틱,키워드가 모델 답 어디에도 없음: 정답 동의어(예: 반도체)가 빠졌는지 확인,광통신 장비 제조 및 판매 / 광통신 장비 제조 및 판매 / 광통신 장비,정보통신장비|AP|Gateway|Wi-Fi|친환경 생분해 플라스틱,20260323001726,
S043,S,(주)포커스에이아이,국내 전자부품·컴퓨터·통신장비 제조 기업,AI 카메라|영상저장장치|AI 기반 물리보안|지능형 CCTV|스마트 팩토리 안전 솔루션|모빌리티 안전 솔루션,,,AI 카메라|영상저장장치|AI 기반 물리보안|지능형 CCTV|스마트 팩토리 안전 솔루션|모빌리티 안전 솔루션,20260323001612,
S044,S,이삭엔지니어링(주),국내 컴퓨터 프로그래밍·시스템 통합 기업,스마트팩토리 솔루션|산업자동화 솔루션|디지털 팩토리 솔루션|PLC|HMI|SCADA,키워드가 모델 답 어디에도 없음: 정답 동의어(예: 반도체)가 빠졌는지 확인,"전기공사, 소방시설공사, 정보통신공사 / 전기공사, 소방시설공사, 정보통신공사 등 / 전기공사, 소방시설공사, 정보통신공사 등",스마트팩토리 솔루션|산업자동화 솔루션|디지털 팩토리 솔루션|PLC|HMI|SCADA,20260323001123,
S045,S,주식회사 바이오솔루션,국내 의약품 제조 기업,세포치료제|인체조직모델|바이오융합소재|첨단바이오의약품|화장품소재,키워드가 모델 답 어디에도 없음: 정답 동의어(예: 반도체)가 빠졌는지 확인,"인공뼈, 연골, 연부조직 재생 관련 의료기기 / 인공뼈, 연골, 연부조직 재생 관련 의료기기",세포치료제|인체조직모델|바이오융합소재|첨단바이오의약품|화장품소재,20260319001181,
S046,S,(주)케이엑스하이텍,국내 고무·플라스틱제품 제조 기업,반도체 재료|IC-Tray|Module-Tray|SSD Case|반도체 패키징 소재|SSD,,,반도체 재료|IC-Tray|Module-Tray|SSD Case|반도체 패키징 소재|SSD,20260318001546,
S047,S,(주)한울소재과학,국내 전자부품·컴퓨터·통신장비 제조 기업,광전송장비|POTN|통신사업|반도체 소재|감광제|DCS,,,광전송장비|POTN|통신사업|반도체 소재|감광제|DCS,20260323001643,
S048,S,(주)제테마,국내 의약품 제조 기업,히알루론산 필러|보툴리눔 톡신|리프팅실|바이오 의약품|미용ㆍ성형,,,히알루론산 필러|보툴리눔 톡신|리프팅실|바이오 의약품|미용ㆍ성형,20260320000625,
S049,S,(주)퀄리타스반도체,국내 전자부품·컴퓨터·통신장비 제조 기업,초고속 인터커넥트 IP|SERDES IP|MIPI PHY IP|PCIe IP|UCIe IP|반도체 IP 라이선싱,키워드가 모델 답 어디에도 없음: 정답 동의어(예: 반도체)가 빠졌는지 확인,AI 반도체 설계 및 관련 솔루션 / AI 반도체 설계 및 개발 / AI 반도체 설계 및 솔루션,초고속 인터커넥트 IP|SERDES IP|MIPI PHY IP|PCIe IP|UCIe IP|반도체 IP 라이선싱,20260319000931,
S050,S,(주)드림씨아이에스,국내 연구개발 기업,임상시험수탁기관|CRO|신약개발|의약품 임상시험|임상시험수탁기관 서비스,,임상시험수탁기관(CRO) / 임상시험수탁기관(CRO) / 임상시험수탁기관(CRO),임상시험수탁기관|CRO|신약개발|의약품 임상시험|임상시험수탁기관 서비스,20260323001678,
